INSERT INTO `auteur` (`idauteur`, `login`, `pwd`, `nomComplet`, `lemail`) VALUES
(1, 'admin', 'admin', 'Steve Jobs', 'jobs.steve@cf2m.be'),
(2, 'modo', 'modo', 'Mark Zuckerberg', 'zuckerberg.mark@cf2m.be'),
(3, 'util1', 'util1', 'Will Smith', 'smith.will@cf2m.be'),
(4, 'util2', 'util2', 'Fred Astaire', 'astaire.fred@cf2m.be'),
(5, 'util3', 'util3', 'Bill Gates', 'gates.bill@cf2m.be');

INSERT INTO `rubrique` (`idrubrique`, `intitule`) VALUES
(1, 'PHP'),
(2, 'Développement Web'),
(3, 'JavaScript'),
(4, 'SQL'),
(5, 'HTML'),
(6, 'CSS'),
(7, 'NodeJS');

INSERT INTO `article` (`idarticle`, `titre`, `texte`, `date`, `auteur_idauteur`) VALUES
(1, 'Comme Facebook, Google bannit les publicités relatives aux cryptomonnaies', 'Comme l\'expliquent les détracteurs des cryptomonnaies, ces dernières peuvent présenter des risques substantiels pour les investisseurs, et s\'ils le disent, c\'est en partie parce que des acteurs malveillants profitent de l\'engouement autour des cryptomonnaies pour monter des arnaques. Au mois de janvier, Facebook a donc pris la décision de bannir les publicités relatives aux cryptomonnaies, dans un souci d\'améliorer l\'intégrité et la sécurité de ses publicités, et de rendre plus difficile pour les escrocs de profiter de leur présence sur le réseau social.\r\n\r\n« Nous voulons que les gens continuent à découvrir et à apprendre de nouveaux produits et services grâce à des publicités Facebook sans crainte d\'escroqueries ou de tromperies », expliquait l\'entreprise en janvier. Mais Facebook dit avoir noté l\'existence de nombreuses entreprises qui font des publicités de mauvaise foi pour les cryptomonnaies et ICO (levées de fonds en cryptomonnaies). La firme de Mark Zuckerberg a donc mis en place une nouvelle politique interdisant les publicités faisant la promotion de produits et de services financiers fréquemment associés à des pratiques promotionnelles frauduleuses ou trompeuses, y compris – mais sans s\'y limiter – les cryptomonnaies et ICO.\r\n\r\nGoogle a aujourd\'hui décidé d’emboîter le pas à son plus grand concurrent dans le domaine de la publicité en ligne. La filiale d’Alphabet a en effet annoncé mercredi qu’elle va interdire les publicités pour les cryptomonnaies et les contenus associés, à savoir les levées de fonds en cryptomonnaies, les marchés de cryptomonnaies, les portefeuilles de cryptomonnaies et les services de trading de cryptomonnaies, entre autres.', '2018-03-20 10:12:36', 4),
(2, 'Tutoriel de présentation du framework CodeIgniter', 'CodeIgniter est un environnement-cadre de développement d\'application, un ensemble d\'outils permettant de structurer et de construire des sites Web en utilisant PHP. \r\nSon objectif est de vous permettre de développer des projets beaucoup plus rapidement que si vous partiez de zéro, en fournissant un ensemble fourni de bibliothèques pour les tâches habituellement nécessaires, ainsi qu\'une interface simple et une structuration logique d\'accès à ces bibliothèques. CodeIgniter vous permet de vous concentrer sur votre créativité en minimisant la quantité de code nécessaire pour réaliser une tâche donnée.\r\n\r\nL\'architecture de CodeIgniter est basée sur le patron de conception MVC. \r\nIl s\'agit d\'un patron de conception permettant de séparer le code d\'accès aux données, la présentation et le contrôle de l\'ensemble des actions. \r\n\r\nIl faut aussi un serveur Apache Http 2.0 ou supérieure afin de pouvoir utiliser PHP en mode Web. \r\nLe framework CodeIgniter est prévu pour fonctionner sur une large variété de versions de PHP. Le minimum syndical ici est le PHP 5.1. L\'ensemble des versions supérieures étant bien sûr supportées. Les versions précédentes ne sont plus supportées depuis la version 2.0 de CodeIgniter. \r\nBien que ce ne soit pas nécessaire, il est préférable d\'appuyer son application sur une base de données permettant de garantir la pérennité des données. Le langage PHP supporte les bases de données suivantes : MySQL (4.1+), MySQL, MS SQL, PostgreSQL, Oracle, SQLite et ODBC. Le framework CodeIgniter offre ainsi, par défaut, le support d\'accès à ces serveurs de base de données.', '2018-03-20 10:15:10', 1),
(3, 'Bootstrap 4.0 est officiellement disponible', 'Fin 2014, l\'équipe Bootstrap a annoncé le développement de la version 4.0, et depuis hier, soit plus de trois ans après, Bootstrap 4.0 est enfin disponible. Bootstrap n\'est plus à présenter auprès des développeurs Web, car c\'est sans doute le framework HTML, CSS et JavaScript le plus populaire pour développer des projets mobiles first et responsives sur le Web. Il offre des outils utiles à la création du design de sites et d\'applications Web. C\'est un ensemble qui contient des codes HTML et CSS, des formulaires, boutons, outils de navigation et autres éléments interactifs, ainsi que des extensions JavaScript en option. \r\n\r\nBootstrap 4 est une réécriture majeure de l\'ensemble du projet, avec donc des changements incompatibles avec les versions précédentes. Pour ce que vous devez savoir lorsque vous passez de la version 3 à cette nouvelle version de Bootstrap, les changements généraux les plus notables sont :\r\n\r\nactivation de Flexbox par défaut ;\r\npassage du préprocesseur CSS Less à Sass pour les fichiers source CSS ;\r\npassage de l\'unité de mesure px à l\'unité relative rem en tant qu\'unité CSS principale. Les pixels sont toutefois encore utilisés pour les requêtes média et le comportement de la grille ;\r\npassage de la taille de police globale de 14px à 16px ;\r\nréorganisation des niveaux de la grille pour ajouter une cinquième option (pour les plus petits périphériques à 576px et moins) et suppression de l\'infixe -xs de ces classes ;\r\nremplacement du thème facultatif séparé par des options configurables via des variables SCSS ;\r\nrévision du système de build pour utiliser une série de scripts NPM au lieu de Grunt ;\r\nl\'utilisation non responsive de Bootstrap n\'est plus prise en charge ;\r\nsuppression du Customizer en ligne en faveur d\'une documentation d\'installation plus complète et de builds personnalisées ;\r\najout de plusieurs dizaines de nouvelles classes utilitaires pour les paires propriété-valeur CSS communes et les raccourcis d\'espacement margin/padding.\r\n\r\nCe qu\'il faut retenir en ce qui concerne les changements importants au niveau du système de grille c\'est qu\'il y a plus de flexibilité avec le passage à Flexbox. On note en outre la mise à jour des noms de classe de grille et un nouveau niveau de grille, mais également la mise à jour des tailles de grille, des mixins et des variables.\r\n\r\nPour ce qui est des composants, on peut citer parmi les changements notables la suppression des panneaux, des vignettes et des puits pour un nouveau composant englobant, appelé cartes. Les cartes sont des conteneurs flexibles et extensibles. Elles incluent des options pour les headers et les footers, une grande variété de contenu, des couleurs d\'arrière-plan contextuelles et de puissantes options d\'affichage. On a aussi, pour les changements relatifs aux composants, la suppression de la police d\'icône Glyphicons, et du composant pager de Bootstrap comme il s\'agissait essentiellement de boutons légèrement personnalisés. À cela, on peut ajouter la refactorisation de presque tous les composants pour utiliser plus de sélecteurs de classes non imbriqués.\r\n\r\nEnfin, côté support des navigateurs, on notera la suppression du support d\'Internet Explorer (IE) 8 et 9 et des navigateurs sur iOS 6. Bootstrap 4.0 ne va supporter que IE10+ et iOS 7+. Pour les sites qui ont besoin des versions qui ne sont plus supportées, il est donc recommandé d\'utiliser la version 3 de Bootstrap. La nouvelle version du framework pour le développement mobile first et responsive sur le Web vient également avec un support officiel pour le navigateur et WebView sur Android v5.0 Lollipop. Les versions antérieures du navigateur Android et de WebView ne sont prises en charge que de manière non officielle.', '2018-03-20 10:17:56', 2),
(4, 'Tutoriel pour apprendre l\'isomorphisme avec React et Node.js', 'L\'utilisation de frameworks JavaScript est une pratique de plus en plus répandue à l\'heure actuelle. Ces derniers nous permettent de mieux organiser nos projets et d\'augmenter notre productivité. On peut toutefois se retrouver coincé lorsque l\'on se penche sur la question du référencement. La plupart des moteurs de recherche ne liront pas le JavaScript et, par conséquent, ne pourront pas indexer correctement les pages de votre site.\r\n\r\nOn entend parler aujourd\'hui d\'application isomorphe (ou universelle) dont la particularité est de pouvoir générer le rendu HTML à la fois côté client et côté serveur. Cette technique est accessible avec l\'utilisation de Node.js qui nous permet de tirer profit du JavaScript côté serveur.\r\n\r\nDans ce tutoriel, j\'illustrerai mes propos à travers un exemple en utilisant React et Node.js. React est une bibliothèque JavaScript, développée par Facebook, permettant de créer des composants qui constitueront l\'interface du site. Sa particularité est de manipuler le DOM de façon intelligente en ne modifiant que le strict minimum lors du rafraîchissement des données. Cette notion apparaîtra plus clairement dans la suite de ce tutoriel.', '2018-03-20 10:21:59', 5);

INSERT INTO `article_has_rubrique` (`article_idarticle`, `rubrique_idrubrique`) VALUES
(2, 1),
(2, 2),
(3, 2),
(4, 2),
(3, 3),
(4, 3),
(2, 4),
(3, 5),
(4, 5),
(3, 6),
(4, 7);
